# Hand-verified WWHD names (docs/decomp-notes.md). Evidence tag "manual"; used as seeds.
# address	GameCube symbol (mangled; "!" = this address is NOT that function)	note
024FFA3C	camera_execute__FP20camera_process_class	per logic tick
024FFC40	camera_draw__FP20camera_process_class	builds view/projection from view.mLookat
025F1EAC	mDoMtx_lookAt__FPA4_fPC3VecPC3VecPC3Vecs	called from camera_draw
028E91EC	PSMTXInverse	inverse view in camera_draw
025E2DE0	mDoExt_modelUpdateDL__FP8J3DModel	per-model update from actor Draw
025DF948	fpcM_Management__FPFv_vPFv_v	main loop
027F4FE4	update__8J3DModelFv	restructured in WWHD (calc + entry, direct calls)
027F4D5C	calc__8J3DModelFv	restructured in WWHD
027F4F1C	entry__8J3DModelFv	restructured in WWHD
025200D4	!seStart__11JAIZelBasicFUlP3VecUlScffffUc	tiny static-instance accessor
0200E6EC	cCt_Counter__Fi	g_Counter.mCounter0++ / mCounter1 reset-or-increment at 101FF558; identical logic
028E9948	C_MTXPerspective	called from camera_draw with (fovy 0xD4, aspect 0xD8, near 0xCC, far 0xD0) of view_class
